{
    "Ar36": {
        "error": 0.003077759190740984, 
        "filter_outliers_dict": {
            "filter_outliers": true, 
            "iterations": 1, 
            "std_devs": 2
        }, 
        "fit": "Parabolic", 
        "value": 0.09932948058886139
    }, 
    "Ar37": {
        "error": 0.04433602551401856, 
        "filter_outliers_dict": {
            "filter_outliers": true, 
            "iterations": 1, 
            "std_devs": 2
        }, 
        "fit": "linear", 
        "value": -0.005542751159472918
    }, 
    "Ar38": {
        "error": 0.018128768858462076, 
        "filter_outliers_dict": {
            "filter_outliers": true, 
            "iterations": 1, 
            "std_devs": 2
        }, 
        "fit": "linear", 
        "value": -0.013092912241195444
    }, 
    "Ar39": {
        "error": 0.05112966483404299, 
        "filter_outliers_dict": {
            "filter_outliers": true, 
            "iterations": 1, 
            "std_devs": 2
        }, 
        "fit": "Parabolic", 
        "value": 0.008268228391819942
    }, 
    "Ar40": {
        "error": 0.05415531714573694, 
        "filter_outliers_dict": {
            "filter_outliers": true, 
            "iterations": 1, 
            "std_devs": 2
        }, 
        "fit": "Parabolic", 
        "value": 30.06552333918325
    }, 
    "Ar41": {
        "error": 0.10776404457216629, 
        "filter_outliers_dict": {
            "filter_outliers": true, 
            "iterations": 1, 
            "std_devs": 2
        }, 
        "fit": "linear", 
        "value": 0.08133034757972833
    }
}