{
    "Ar36": {
        "error": 0.004058328544419085, 
        "filter_outliers_dict": {
            "filter_outliers": true, 
            "iterations": 1, 
            "std_devs": 2
        }, 
        "fit": "Parabolic", 
        "value": 0.15803568482640407
    }, 
    "Ar37": {
        "error": 0.04551944334072214, 
        "filter_outliers_dict": {
            "filter_outliers": true, 
            "iterations": 1, 
            "std_devs": 2
        }, 
        "fit": "linear", 
        "value": 0.00046565812864830905
    }, 
    "Ar38": {
        "error": 0.019379061295797032, 
        "filter_outliers_dict": {
            "filter_outliers": true, 
            "iterations": 1, 
            "std_devs": 2
        }, 
        "fit": "linear", 
        "value": -0.0041080117019139765
    }, 
    "Ar39": {
        "error": 0.05107989192522792, 
        "filter_outliers_dict": {
            "filter_outliers": true, 
            "iterations": 1, 
            "std_devs": 2
        }, 
        "fit": "Parabolic", 
        "value": 0.2516327017903807
    }, 
    "Ar40": {
        "error": 0.06658572761493076, 
        "filter_outliers_dict": {
            "filter_outliers": true, 
            "iterations": 1, 
            "std_devs": 2
        }, 
        "fit": "Parabolic", 
        "value": 48.48049266401501
    }, 
    "Ar41": {
        "error": 0.10589946045503863, 
        "filter_outliers_dict": {
            "filter_outliers": true, 
            "iterations": 1, 
            "std_devs": 2
        }, 
        "fit": "linear", 
        "value": -0.2401751548258323
    }
}