{
    "Ar36": {
        "error": 0.004449472423063115, 
        "filter_outliers_dict": {
            "filter_outliers": true, 
            "iterations": 1, 
            "std_devs": 2
        }, 
        "fit": "Parabolic", 
        "value": 0.21703651682246622
    }, 
    "Ar37": {
        "error": 0.04747873342094724, 
        "filter_outliers_dict": {
            "filter_outliers": true, 
            "iterations": 1, 
            "std_devs": 2
        }, 
        "fit": "linear", 
        "value": -0.0018368135094936693
    }, 
    "Ar38": {
        "error": 0.020033237887864267, 
        "filter_outliers_dict": {
            "filter_outliers": true, 
            "iterations": 1, 
            "std_devs": 2
        }, 
        "fit": "linear", 
        "value": 0.008578741434445104
    }, 
    "Ar39": {
        "error": 0.04880224971608568, 
        "filter_outliers_dict": {
            "filter_outliers": true, 
            "iterations": 1, 
            "std_devs": 2
        }, 
        "fit": "Parabolic", 
        "value": -0.18247645128649223
    }, 
    "Ar40": {
        "error": 0.07497527637425086, 
        "filter_outliers_dict": {
            "filter_outliers": true, 
            "iterations": 1, 
            "std_devs": 2
        }, 
        "fit": "Parabolic", 
        "value": 65.41682429334652
    }, 
    "Ar41": {
        "error": 0.0992223260535087, 
        "filter_outliers_dict": {
            "filter_outliers": true, 
            "iterations": 1, 
            "std_devs": 2
        }, 
        "fit": "linear", 
        "value": -0.2078620711212319
    }
}