{
    "Ar36": {
        "error": 0.0011430274583334916, 
        "filter_outliers_dict": {
            "filter_outliers": true, 
            "iterations": 1, 
            "std_devs": 2
        }, 
        "fit": "Parabolic", 
        "value": 0.008226590929434945
    }, 
    "Ar37": {
        "error": 0.048673283302973255, 
        "filter_outliers_dict": {
            "filter_outliers": true, 
            "iterations": 1, 
            "std_devs": 2
        }, 
        "fit": "linear", 
        "value": -0.006506406982156237
    }, 
    "Ar38": {
        "error": 0.019799304842245038, 
        "filter_outliers_dict": {
            "filter_outliers": true, 
            "iterations": 1, 
            "std_devs": 2
        }, 
        "fit": "linear", 
        "value": -0.04022418399624897
    }, 
    "Ar39": {
        "error": 0.047259743644716586, 
        "filter_outliers_dict": {
            "filter_outliers": true, 
            "iterations": 1, 
            "std_devs": 2
        }, 
        "fit": "Parabolic", 
        "value": -0.20822338997020096
    }, 
    "Ar40": {
        "error": 0.0396187862630142, 
        "filter_outliers_dict": {
            "filter_outliers": true, 
            "iterations": 1, 
            "std_devs": 2
        }, 
        "fit": "Parabolic", 
        "value": 2.192479708040974
    }, 
    "Ar41": {
        "error": 0.10909195829013138, 
        "filter_outliers_dict": {
            "filter_outliers": true, 
            "iterations": 1, 
            "std_devs": 2
        }, 
        "fit": "linear", 
        "value": -0.2519296610413265
    }
}